codigo;denominacion;municipio;comarca;provincia;regimen;lat;lon;materia_confirmada;fuente;fecha_consulta
03001908;IES FIGUERAS PACHECO;ALACANT;L'ALACANTÍ;ALICANTE/ALACANT;Público;38.340419;-0.511393;;API xacen (Guía de Centros GVA);2026-05-22
03001891;IES MIGUEL HERNÁNDEZ;ALACANT;L'ALACANTÍ;ALICANTE/ALACANT;Público;38.350607;-0.495388;;API xacen (Guía de Centros GVA);2026-05-22
03010119;IES VIRGEN DEL REMEDIO;ALACANT;L'ALACANTÍ;ALICANTE/ALACANT;Público;38.376725;-0.490184;;API xacen (Guía de Centros GVA);2026-05-22
03013297;IES 8 DE MARZO;ALACANT;L'ALACANTÍ;ALICANTE/ALACANT;Público;38.360857;-0.503013;;API xacen (Guía de Centros GVA);2026-05-22
03010727;IES ANDREU SEMPERE;ALCOI;L'ALCOIÀ;ALICANTE/ALACANT;Público;38.703348;-0.482572;;API xacen (Guía de Centros GVA);2026-05-22
46001217;IES BERNAT GUINOVART;ALGEMESÍ;LA RIBERA ALTA;VALENCIA/VALÈNCIA;Público;39.195137;-0.425055;;API xacen (Guía de Centros GVA);2026-05-22
03002573;IES BELLAGUARDA;ALTEA;LA MARINA BAIXA;ALICANTE/ALACANT;Público;38.604698;-0.045746;;API xacen (Guía de Centros GVA);2026-05-22
46000717;IES JOSÉ MARÍA PARRA;ALZIRA;LA RIBERA ALTA;VALENCIA/VALÈNCIA;Público;39.156879;-0.428537;;API xacen (Guía de Centros GVA);2026-05-22
12003390;IES JOAN COROMINES;BENICARLÓ;EL BAIX MAESTRAT;CASTELLÓN/CASTELLÓ;Público;40.41428;0.426943;;API xacen (Guía de Centros GVA);2026-05-22
03013716;IES IFACH;CALP;LA MARINA ALTA;ALICANTE/ALACANT;Público;38.646858;0.048891;;API xacen (Guía de Centros GVA);2026-05-22
46021629;IES ARABISTA RIBERA;CARCAIXENT;LA RIBERA ALTA;VALENCIA/VALÈNCIA;Público;39.124463;-0.436422;;API xacen (Guía de Centros GVA);2026-05-22
12005738;IES LA PLANA;CASTELLÓ DE LA PLANA;LA PLANA ALTA;CASTELLÓN/CASTELLÓ;Público;39.994137;-0.032482;;API xacen (Guía de Centros GVA);2026-05-22
12003523;IES VICENT SOS BAYNAT;CASTELLÓ DE LA PLANA;LA PLANA ALTA;CASTELLÓN/CASTELLÓ;Público;39.986056;-0.029901;;API xacen (Guía de Centros GVA);2026-05-22
46002969;IES BERENGUER DALMAU;CATARROJA;L'HORTA SUD;VALENCIA/VALÈNCIA;Público;39.409373;-0.403498;;API xacen (Guía de Centros GVA);2026-05-22
46020492;IES JOAN LLOPIS MARÍ;CULLERA;LA RIBERA BAIXA;VALENCIA/VALÈNCIA;Público;39.160481;-0.257846;;API xacen (Guía de Centros GVA);2026-05-22
03004223;IES HISTORIADOR CHABÀS;DÉNIA;LA MARINA ALTA;ALICANTE/ALACANT;Público;38.830815;0.099419;;API xacen (Guía de Centros GVA);2026-05-22
03005768;IES LA TORRETA;ELDA;EL VINALOPÓ MITJÀ/EL VINALOPÓ MEDIO;ALICANTE/ALACANT;Público;38.466565;-0.791777;;API xacen (Guía de Centros GVA);2026-05-22
03014538;IES MISTERI D'ELX;ELX;EL BAIX VINALOPÓ;ALICANTE/ALACANT;Público;38.273324;-0.689698;;API xacen (Guía de Centros GVA);2026-05-22
46004221;IES MARIA ENRÍQUEZ;GANDIA;LA SAFOR;VALENCIA/VALÈNCIA;Público;38.960043;-0.181972;;API xacen (Guía de Centros GVA);2026-05-22
03015105;IES LA NUCIA;LA NUCIA;LA MARINA BAIXA;ALICANTE/ALACANT;Público;38.610977;-0.129901;;API xacen (Guía de Centros GVA);2026-05-22
12002661;IES HONORI GARCIA;LA VALL D'UIXÓ;LA PLANA BAIXA;CASTELLÓN/CASTELLÓ;Público;39.819655;-0.231603;;API xacen (Guía de Centros GVA);2026-05-22
46004841;IES CAMP DE TÚRIA;LLÍRIA;EL CAMP DE TÚRIA;VALENCIA/VALÈNCIA;Público;39.629223;-0.593021;;API xacen (Guía de Centros GVA);2026-05-22
46018989;IES LA GARRIGOSA;MELIANA;L'HORTA NORD;VALENCIA/VALÈNCIA;Público;39.525792;-0.346836;;API xacen (Guía de Centros GVA);2026-05-22
03016468;IES L'ALLUSSER;MUTXAMEL;L'ALACANTÍ;ALICANTE/ALACANT;Público;38.420789;-0.445746;;API xacen (Guía de Centros GVA);2026-05-22
03009798;IES EL VINALOPÓ;NOVELDA;EL VINALOPÓ MITJÀ/EL VINALOPÓ MEDIO;ALICANTE/ALACANT;Público;38.380649;-0.77526;;API xacen (Guía de Centros GVA);2026-05-22
46005934;IES GREGORI MAIANS;OLIVA;LA SAFOR;VALENCIA/VALÈNCIA;Público;38.922923;-0.114492;;API xacen (Guía de Centros GVA);2026-05-22
12005741;IES EL TORRELLÓ;ONDA;LA PLANA BAIXA;CASTELLÓN/CASTELLÓ;Público;39.9684;-0.2583;;API xacen (Guía de Centros GVA);2026-05-22
46006100;IES L'ESTACIÓ;ONTINYENT;LA VALL D'ALBAIDA;VALENCIA/VALÈNCIA;Público;38.809926;-0.604568;;API xacen (Guía de Centros GVA);2026-05-22
03013340;IES THÁDER;ORIHUELA;EL BAIX SEGURA/LA VEGA BAJA;ALICANTE/ALACANT;Público;38.076174;-0.950029;;API xacen (Guía de Centros GVA);2026-05-22
03014371;IES POETA PACO MOLLÀ;PETRER;EL VINALOPÓ MITJÀ/EL VINALOPÓ MEDIO;ALICANTE/ALACANT;Público;38.479008;-0.779257;;API xacen (Guía de Centros GVA);2026-05-22
46007189;IES OLEANA;REQUENA;LA PLANA DE UTIEL-REQUENA;VALENCIA/VALÈNCIA;Público;39.492069;-1.094553;;API xacen (Guía de Centros GVA);2026-05-22
46007736;IES CLOT DEL MORO;SAGUNT;EL CAMP DE MORVEDRE;VALENCIA/VALÈNCIA;Público;39.675864;-0.290601;;API xacen (Guía de Centros GVA);2026-05-22
46021617;IES JOAN FUSTER;SUECA;LA RIBERA BAIXA;VALENCIA/VALÈNCIA;Público;39.206129;-0.303924;;API xacen (Guía de Centros GVA);2026-05-22
46022920;IES VELES E VENTS;TORRENT;L'HORTA SUD;VALENCIA/VALÈNCIA;Público;39.423448;-0.476773;;API xacen (Guía de Centros GVA);2026-05-22
03015907;IES MEDITERRÁNEO;TORREVIEJA;EL BAIX SEGURA/LA VEGA BAJA;ALICANTE/ALACANT;Público;37.991151;-0.666249;;API xacen (Guía de Centros GVA);2026-05-22
46008984;IES ALAMEDA;UTIEL;LA PLANA DE UTIEL-REQUENA;VALENCIA/VALÈNCIA;Público;39.567464;-1.212788;;API xacen (Guía de Centros GVA);2026-05-22
46025799;CENTRE PÚBLIC D'EDUCACIÓ A DISTÀNCIA CEED;VALÈNCIA;VALENCIA;VALENCIA/VALÈNCIA;Público;39.464551;-0.410314;;API xacen (Guía de Centros GVA);2026-05-22
46020391;IES BARRI DEL CARME;VALÈNCIA;VALENCIA;VALENCIA/VALÈNCIA;Público;39.479856;-0.381904;;API xacen (Guía de Centros GVA);2026-05-22
46022257;IES CONSELLERIA;VALÈNCIA;VALENCIA;VALENCIA/VALÈNCIA;Público;39.485181;-0.393158;;API xacen (Guía de Centros GVA);2026-05-22
46015708;IES DISTRICTE MARÍTIM;VALÈNCIA;VALENCIA;VALENCIA/VALÈNCIA;Público;39.459672;-0.344256;;API xacen (Guía de Centros GVA);2026-05-22
46014224;IES FONT DE SANT LLUÍS;VALÈNCIA;VALENCIA;VALENCIA/VALÈNCIA;Público;39.454122;-0.364069;;API xacen (Guía de Centros GVA);2026-05-22
46012872;IES LUIS VIVES;VALÈNCIA;VALENCIA;VALENCIA/VALÈNCIA;Público;39.468231;-0.377175;;API xacen (Guía de Centros GVA);2026-05-22
46018059;IES NÚMERO 26;VALÈNCIA;VALENCIA;VALENCIA/VALÈNCIA;Público;39.464758;-0.410142;;API xacen (Guía de Centros GVA);2026-05-22
46017687;IES RAMON LLULL;VALÈNCIA;VALENCIA;VALENCIA/VALÈNCIA;Público;39.47637;-0.346284;;API xacen (Guía de Centros GVA);2026-05-22
12005660;IES PROFESSOR BROCH I LLOP;VILA-REAL;LA PLANA BAIXA;CASTELLÓN/CASTELLÓ;Público;39.92925;-0.100486;;API xacen (Guía de Centros GVA);2026-05-22
46018692;IES DOCTOR LLUÍS SIMARRO LACABRA;XÀTIVA;LA COSTERA;VALENCIA/VALÈNCIA;Público;38.986134;-0.535412;;API xacen (Guía de Centros GVA);2026-05-22
